Time,Depth,Pop size,Generations,Mutation rate,Reproduction number,Use multiprocessing
13.048562,1,16,1,1,4,true
6.2152468,1,16,1,1,4,false
22.5316065,1,64,1,1,4,true
197.1514805,1,128,30,10,4,true
63.6048282,2,16,1,1,4,true
419.0884947,4,16,1,1,4,true
647.1587911,4,16,1,1,4,true
949.3392551,4,16,1,1,4,true
827.1632544,4,16,1,1,4,true
11264.0222413,6,16,1,1,4,true
20297.3913915,5,16,1,1,4,true
